{"IsProcedure":true,"Procedure":null,"Filter":{"IsFilterProcedure":false,"ProcedureName":null,"Filters":[{"OrderNumber":1,"Label":"FSC","IsMultiSelect":false,"IsRequired":true,"Image":null,"IsTimePeriod":false,"HideTrend":false,"Database":{"Table":"Master_FoodServiceChannel","PrimaryKey":"FSC_ID","DisplayTextColumnName":"Level","ParentPrimaryKey":"ParentId","ParentText":null,"WhereCondition":null}},{"OrderNumber":2,"Label":"FSO","IsMultiSelect":false,"IsRequired":true,"Image":null,"IsTimePeriod":false,"HideTrend":false,"Database":{"Table":"Master_FoodServiceOccasion","PrimaryKey":"FSO_ID","DisplayTextColumnName":"Level","ParentPrimaryKey":"ParentId","ParentText":null,"WhereCondition":null}},{"OrderNumber":3,"Label":"Period","IsMultiSelect":false,"IsRequired":true,"Image":null,"IsTimePeriod":true,"HideTrend":false,"Database":{"Table":"CrestBasic_Timeperiod","PrimaryKey":"ID","DisplayTextColumnName":"Period_Description","ParentPrimaryKey":null,"ParentText":"TimeInterval","WhereCondition":null}}]},"Widgets":null}