{"IsProcedure":true,"Procedure":{"Name":"usp_ChartGenerator","Parameters":[{"FilterLabel":"FSC","Format":null,"DefaultValue":null,"Prefix":null,"Postfix":null,"CustomPropertyLabel":null},{"FilterLabel":"FSO","Format":null,"DefaultValue":null,"Prefix":null,"Postfix":null,"CustomPropertyLabel":null},{"FilterLabel":null,"Format":null,"DefaultValue":"1","Prefix":null,"Postfix":null,"CustomPropertyLabel":null},{"FilterLabel":"Timeperiod","Format":"|","DefaultValue":null,"Prefix":null,"Postfix":null,"CustomPropertyLabel":null},{"FilterLabel":"Measures","Format":"|","DefaultValue":null,"Prefix":null,"Postfix":null,"CustomPropertyLabel":null},{"FilterLabel":"Demo","Format":",","DefaultValue":null,"Prefix":"DemoID|","Postfix":null,"CustomPropertyLabel":null},{"FilterLabel":"Restaurants","Format":",","DefaultValue":null,"Prefix":"SCCID|","Postfix":null,"CustomPropertyLabel":null},{"FilterLabel":"Geo","Format":",","DefaultValue":null,"Prefix":"GeoID IN (","Postfix":") AND MenuItemId = 138 and DaypartId = 1 AND WoweID = 1","CustomPropertyLabel":null},{"FilterLabel":null,"Format":null,"DefaultValue":"0","Prefix":null,"Postfix":null,"CustomPropertyLabel":null},{"FilterLabel":null,"Format":null,"DefaultValue":"139","Prefix":null,"Postfix":null,"CustomPropertyLabel":null}],"SeriesColumn":null,"XAxisColumn":null,"YAxisColumn":null,"ZAxisColumn":null,"IgnoreColumns":["Metric","MetricId2","MetricId1","TypeName","numFormat"],"Value1":null,"Value2":null,"Value3":null,"Value4":null,"Value5":null},"Filter":{"IsFilterProcedure":false,"ProcedureName":null,"Filters":[{"OrderNumber":1,"Label":"FSO","IsMultiSelect":false,"IsRequired":true,"Image":null,"IsTimePeriod":false,"HideTrend":false,"Database":{"Table":"Master_FoodServiceOccasion","PrimaryKey":"FSO_ID","DisplayTextColumnName":"Level","ParentPrimaryKey":"ParentId","ParentText":null,"WhereCondition":null}},{"OrderNumber":2,"Label":"FSC","IsMultiSelect":false,"IsRequired":true,"Image":null,"IsTimePeriod":false,"HideTrend":false,"Database":{"Table":"Master_FoodServiceChannel","PrimaryKey":"FSC_ID","DisplayTextColumnName":"Level","ParentPrimaryKey":"ParentId","ParentText":null,"WhereCondition":null}},{"OrderNumber":3,"Label":"Timeperiod","IsMultiSelect":false,"IsRequired":true,"Image":null,"IsTimePeriod":true,"HideTrend":false,"Database":{"Table":"CrestBasic_Timeperiod","PrimaryKey":"ID","DisplayTextColumnName":"Period_Description","ParentPrimaryKey":null,"ParentText":"TimeInterval","WhereCondition":null}},{"OrderNumber":4,"Label":"Measures","IsMultiSelect":true,"IsRequired":true,"Image":null,"IsTimePeriod":false,"HideTrend":false,"Database":{"Table":"Master_Measure","PrimaryKey":"MeasureId","DisplayTextColumnName":"Measure","ParentPrimaryKey":null,"ParentText":null,"WhereCondition":null}},{"OrderNumber":5,"Label":"Demo","IsMultiSelect":true,"IsRequired":true,"Image":null,"IsTimePeriod":false,"HideTrend":false,"Database":{"Table":"DimDemographics","PrimaryKey":"SlNo","DisplayTextColumnName":"KeyName","ParentPrimaryKey":null,"ParentText":"ParentKeyName","WhereCondition":null}},{"OrderNumber":6,"Label":"Restaurants","IsMultiSelect":true,"IsRequired":true,"Image":null,"IsTimePeriod":false,"HideTrend":false,"Database":{"Table":"DimSCC","PrimaryKey":"SlNo","DisplayTextColumnName":"KeyName","ParentPrimaryKey":null,"ParentText":"ParentKeyName","WhereCondition":"where [Key] not like 'on%' and [Key] not like 'eb%' and [Key] not like 'sm%'"}},{"OrderNumber":7,"Label":"Geo","IsMultiSelect":true,"IsRequired":true,"Image":null,"IsTimePeriod":false,"HideTrend":false,"Database":{"Table":"DimGeography","PrimaryKey":"SlNo","DisplayTextColumnName":"KeyName","ParentPrimaryKey":null,"ParentText":"ParentKeyName","WhereCondition":"where [key] not like 'h%' and [key] not like 'bev%' and [key] not like 'e%'"}}]},"Widgets":null}